{"cameraMode":{"drawMode":0,"name":"Shaded","section":"Shading Mode"},"sceneLighting":true,"audioPlay":false,"sceneViewState":{"m_AlwaysRefresh":false,"showFog":true,"showSkybox":true,"showFlares":true,"showImageEffects":true,"showParticleSystems":true,"showVisualEffectGraphs":true,"m_FxEnabled":false},"in2DMode":false,"pivot":{"x":29.900033950805665,"y":4.207557678222656,"z":29.879621505737306},"rotation":{"x":0.13774599134922028,"y":0.19621263444423676,"z":-0.027850812301039697,"w":0.9704391956329346},"size":15.742058753967286,"orthographic":true}