{"cameraMode":{"drawMode":0,"name":"Shaded","section":"Shading Mode"},"sceneLighting":true,"audioPlay":false,"sceneViewState":{"m_AlwaysRefresh":false,"showFog":true,"showSkybox":true,"showFlares":true,"showImageEffects":true,"showParticleSystems":true,"showVisualEffectGraphs":true,"m_FxEnabled":true},"in2DMode":false,"pivot":{"x":19.226757049560548,"y":-17.409948348999025,"z":45.969459533691409},"rotation":{"x":-0.36537227034568789,"y":0.23940090835094453,"z":-0.09782467037439347,"w":-0.8942099213600159},"size":20.746248245239259,"orthographic":false}