{"cameraMode":{"drawMode":0,"name":"Shaded","section":"Shading Mode"},"sceneLighting":true,"audioPlay":false,"sceneViewState":{"m_AlwaysRefresh":false,"showFog":true,"showSkybox":true,"showFlares":true,"showImageEffects":true,"showParticleSystems":true,"showVisualEffectGraphs":true,"m_FxEnabled":true},"in2DMode":false,"pivot":{"x":-0.13668695092201234,"y":1.7250114679336548,"z":8.343591690063477},"rotation":{"x":0.21138153970241548,"y":0.010262531228363514,"z":-0.0022195898927748205,"w":0.9773474335670471},"size":6.522836685180664,"orthographic":true}