{"cameraMode":{"drawMode":0,"name":"Shaded","section":"Shading Mode"},"sceneLighting":true,"audioPlay":false,"sceneViewState":{"m_AlwaysRefresh":false,"showFog":true,"showSkybox":true,"showFlares":true,"showImageEffects":true,"showParticleSystems":true,"showVisualEffectGraphs":true,"m_FxEnabled":true},"in2DMode":false,"pivot":{"x":30.943893432617189,"y":1.7545549869537354,"z":30.504955291748048},"rotation":{"x":0.16885827481746674,"y":0.6899220943450928,"z":-0.1705896109342575,"w":0.6829187870025635},"size":3.618821144104004,"orthographic":false}