{"cameraMode":{"drawMode":0,"name":"Shaded","section":"Shading Mode"},"sceneLighting":true,"audioPlay":false,"sceneViewState":{"m_AlwaysRefresh":false,"showFog":true,"showSkybox":true,"showFlares":true,"showImageEffects":true,"showParticleSystems":true,"showVisualEffectGraphs":true,"m_FxEnabled":false},"in2DMode":false,"pivot":{"x":9.991204261779786,"y":1.7540546655654908,"z":7.128908634185791},"rotation":{"x":0.02119031734764576,"y":0.10477953404188156,"z":-0.0022315250243991615,"w":0.9942715167999268},"size":3.174440383911133,"orthographic":false}